,(,),",",;,[,],int_literal,=,{,},if,else,for,while,break,continue,return,||,&&,==,!=,<,<=,>,>=,+,-,*,/,!,float_literal,bool_literal,string_literal,id,void,boolean,int,float,$
PROGRAM,,,,,,,,,,,,,,,,,,,,,,,,,,,,,,,,,,,SUB_PROGRAM_1 PROGRAM,SUB_PROGRAM_1 PROGRAM,SUB_PROGRAM_1 PROGRAM,SUB_PROGRAM_1 PROGRAM,EPSILON
SUB_PROGRAM_1,,,,,,,,,,,,,,,,,,,,,,,,,,,,,,,,,,,TYPE IDENTIFIER SUB_PROGRAM_2,TYPE IDENTIFIER SUB_PROGRAM_2,TYPE IDENTIFIER SUB_PROGRAM_2,TYPE IDENTIFIER SUB_PROGRAM_2,
SUB_PROGRAM_2,FUNCTION_DECL,,,,VARIABLE_DECL,,,,,,,,,,,,,,,,,,,,,,,,,,,,,,,,,,
FUNCTION_DECL,PARAMETER_LIST COMPOUND_STMT,,,,,,,,,,,,,,,,,,,,,,,,,,,,,,,,,,,,,,
PARAMETER_LIST,( PARAMETER_LIST_1 ),,,,,,,,,,,,,,,,,,,,,,,,,,,,,,,,,,,,,,
PARAMETER_LIST_1,,EPSILON,,,,,,,,,,,,,,,,,,,,,,,,,,,,,,,,,PARAMETERS,PARAMETERS,PARAMETERS,PARAMETERS,
PARAMETERS,,,,,,,,,,,,,,,,,,,,,,,,,,,,,,,,,,,PARAMETER_DECL PARAMETER_LOOP,PARAMETER_DECL PARAMETER_LOOP,PARAMETER_DECL PARAMETER_LOOP,PARAMETER_DECL PARAMETER_LOOP,
PARAMETER_LOOP,,EPSILON,", PARAMETER_DECL PARAMETER_LOOP",,,,,,,,,,,,,,,,,,,,,,,,,,,,,,,,,,,,
PARAMETER_DECL,,,,,,,,,,,,,,,,,,,,,,,,,,,,,,,,,,,TYPE IDENTIFIER DECLARATOR,TYPE IDENTIFIER DECLARATOR,TYPE IDENTIFIER DECLARATOR,TYPE IDENTIFIER DECLARATOR,
VARIABLE_DECL,,,,,DECLARATOR_LIST ;,,,,,,,,,,,,,,,,,,,,,,,,,,,,,,,,,,
DECLARATOR_LIST,,,,,INIT_DECLARATOR DECLARATOR_LOOP,,,,,,,,,,,,,,,,,,,,,,,,,,,,,,,,,,
DECLARATOR_LOOP,,,", INIT_DECLARATOR DECLARATOR_LOOP",EPSILON,,,,,,,,,,,,,,,,,,,,,,,,,,,,,,,,,,,
INIT_DECLARATOR,,,,,DECLARATOR VARIABLE_DECL_1,,,,,,,,,,,,,,,,,,,,,,,,,,,,,,,,,,
DECLARATOR,,,,,[ DECLARATOR_1 ],,,,,,,,,,,,,,,,,,,,,,,,,,,,,,,,,,
DECLARATOR_1,,,,,,EPSILON,int_literal,,,,,,,,,,,,,,,,,,,,,,,,,,,,,,,,
VARIABLE_DECL_1,,,EPSILON,EPSILON,,,,= INITIALIZER,,,,,,,,,,,,,,,,,,,,,,,,,,,,,,,
INITIALIZER,EXPR,,,,,,EXPR,,{ EXPR LIST_EXPR },,,,,,,,,,,,,,,,,,,,,,EXPR,EXPR,EXPR,EXPR,,,,,
LIST_EXPR,,,", EXPR LIST_EXPR",,,,,,,EPSILON,,,,,,,,,,,,,,,,,,,,,,,,,,,,,
COMPOUND_STMT,,,,,,,,,{ COMPOUND_STMT_1 COMPOUND_STMT_2 },,,,,,,,,,,,,,,,,,,,,,,,,,,,,,
COMPOUND_STMT_1,EPSILON,,,EPSILON,,,EPSILON,,,EPSILON,EPSILON,,EPSILON,EPSILON,EPSILON,EPSILON,EPSILON,,,,,,,,,,,,,,EPSILON,EPSILON,EPSILON,EPSILON,TYPE IDENTIFIER VARIABLE_DECL COMPOUND_STMT_1,TYPE IDENTIFIER VARIABLE_DECL COMPOUND_STMT_1,TYPE IDENTIFIER VARIABLE_DECL COMPOUND_STMT_1,TYPE IDENTIFIER VARIABLE_DECL COMPOUND_STMT_1,
COMPOUND_STMT_2,STATEMENT COMPOUND_STMT_2,,,STATEMENT COMPOUND_STMT_2,,,STATEMENT COMPOUND_STMT_2,,,EPSILON,STATEMENT COMPOUND_STMT_2,,STATEMENT COMPOUND_STMT_2,STATEMENT COMPOUND_STMT_2,STATEMENT COMPOUND_STMT_2,STATEMENT COMPOUND_STMT_2,STATEMENT COMPOUND_STMT_2,,,,,,,,,,,,,,STATEMENT COMPOUND_STMT_2,STATEMENT COMPOUND_STMT_2,STATEMENT COMPOUND_STMT_2,STATEMENT COMPOUND_STMT_2,,,,,
STATEMENT,EXPR_STMT,,,EXPR_STMT,,,EXPR_STMT,,,,IF_STMT,,FOR_STMT,WHILE_STMT,BREAK_STMT,CONTINUE_STMT,RETURN_STMT,,,,,,,,,,,,,,EXPR_STMT,EXPR_STMT,EXPR_STMT,EXPR_STMT,,,,,
IF_STMT,,,,,,,,,,,if ( EXPR ) COMPOUND_STMT ELSE_STMT,,,,,,,,,,,,,,,,,,,,,,,,,,,,
ELSE_STMT,EPSILON,,,EPSILON,,,EPSILON,,,EPSILON,EPSILON,else COMPOUND_STMT,EPSILON,EPSILON,EPSILON,EPSILON,EPSILON,,,,,,,,,,,,,,EPSILON,EPSILON,EPSILON,EPSILON,,,,,
FOR_STMT,,,,,,,,,,,,,for ( EXPR_OR_EPSILON ; EXPR_OR_EPSILON ; EXPR_OR_EPSILON ) COMPOUND_STMT,,,,,,,,,,,,,,,,,,,,,,,,,,
WHILE_STMT,,,,,,,,,,,,,,while ( EXPR ) COMPOUND_STMT,,,,,,,,,,,,,,,,,,,,,,,,,
BREAK_STMT,,,,,,,,,,,,,,,break ;,,,,,,,,,,,,,,,,,,,,,,,,
CONTINUE_STMT,,,,,,,,,,,,,,,,continue ;,,,,,,,,,,,,,,,,,,,,,,,
RETURN_STMT,,,,,,,,,,,,,,,,,return EXPR_OR_EPSILON ;,,,,,,,,,,,,,,,,,,,,,,
EXPR_STMT,EXPR_OR_EPSILON ;,,,EXPR_OR_EPSILON ;,,,EXPR_OR_EPSILON ;,,,,,,,,,,,,,,,,,,,,,,,,EXPR_OR_EPSILON ;,EXPR_OR_EPSILON ;,EXPR_OR_EPSILON ;,EXPR_OR_EPSILON ;,,,,,
EXPR_OR_EPSILON,EXPR,EPSILON,,EPSILON,,,EXPR,,,,,,,,,,,,,,,,,,,,,,,,EXPR,EXPR,EXPR,EXPR,,,,,
EXPR,ASSIGNMENT_EXPR,,,,,,ASSIGNMENT_EXPR,,,,,,,,,,,,,,,,,,,,,,,,ASSIGNMENT_EXPR,ASSIGNMENT_EXPR,ASSIGNMENT_EXPR,ASSIGNMENT_EXPR,,,,,
ASSIGNMENT_EXPR,CONDITION_OR_EXPR ASSIGNMENT_EXPR_1,,,,,,CONDITION_OR_EXPR ASSIGNMENT_EXPR_1,,,,,,,,,,,,,,,,,,,,,,,,CONDITION_OR_EXPR ASSIGNMENT_EXPR_1,CONDITION_OR_EXPR ASSIGNMENT_EXPR_1,CONDITION_OR_EXPR ASSIGNMENT_EXPR_1,CONDITION_OR_EXPR ASSIGNMENT_EXPR_1,,,,,
ASSIGNMENT_EXPR_1,, EPSILON,EPSILON,EPSILON,,EPSILON,,= CONDITION_OR_EXPR ASSIGNMENT_EXPR_1,,EPSILON,,,,,,,,,,,,,,,,,,,,,,,,,,,,,
CONDITION_OR_EXPR,CONDITION_AND_EXPR CONDITION_OR_EXPR_1,,,,,,CONDITION_AND_EXPR CONDITION_OR_EXPR_1,,,,,,,,,,,,,,,,,,,,,,,,CONDITION_AND_EXPR CONDITION_OR_EXPR_1,CONDITION_AND_EXPR CONDITION_OR_EXPR_1,CONDITION_AND_EXPR CONDITION_OR_EXPR_1,CONDITION_AND_EXPR CONDITION_OR_EXPR_1,,,,,
CONDITION_OR_EXPR_1,, EPSILON, EPSILON, EPSILON,, EPSILON,, EPSILON,, EPSILON,,,,,,,,|| CONDITION_AND_EXPR CONDITION_OR_EXPR_1,,,,,,,,,,,,,,,,,,,,,
CONDITION_AND_EXPR,EQUALITY_EXPR CONDITION_AND_EXPR_1,,,,,,EQUALITY_EXPR CONDITION_AND_EXPR_1,,,,,,,,,,,,,,,,,,,,,,,,EQUALITY_EXPR CONDITION_AND_EXPR_1,EQUALITY_EXPR CONDITION_AND_EXPR_1,EQUALITY_EXPR CONDITION_AND_EXPR_1,EQUALITY_EXPR CONDITION_AND_EXPR_1,,,,,
CONDITION_AND_EXPR_1,, EPSILON, EPSILON, EPSILON,, EPSILON,, EPSILON,, EPSILON,,,,,,,, EPSILON,&& EQUALITY_EXPR CONDITION_AND_EXPR_1,,,,,,,,,,,,,,,,,,,,
EQUALITY_EXPR,RELATIONAL_EXPR EQUALITY_EXPR_1,,,,,,RELATIONAL_EXPR EQUALITY_EXPR_1,,,,,,,,,,,,,,,,,,,,,,,,RELATIONAL_EXPR EQUALITY_EXPR_1,RELATIONAL_EXPR EQUALITY_EXPR_1,RELATIONAL_EXPR EQUALITY_EXPR_1,RELATIONAL_EXPR EQUALITY_EXPR_1,,,,,
EQUALITY_EXPR_1,, EPSILON, EPSILON, EPSILON,, EPSILON,, EPSILON,, EPSILON,,,,,,,, EPSILON, EPSILON,== RELATIONAL_EXPR EQUALITY_EXPR_1,!= RELATIONAL_EXPR EQUALITY_EXPR_1,,,,,,,,,,,,,,,,,,
RELATIONAL_EXPR,ADDITIVE_EXPR RELATIONAL_EXPR_1,,,,,,ADDITIVE_EXPR RELATIONAL_EXPR_1,,,,,,,,,,,,,,,,,,,,,,,,ADDITIVE_EXPR RELATIONAL_EXPR_1,ADDITIVE_EXPR RELATIONAL_EXPR_1,ADDITIVE_EXPR RELATIONAL_EXPR_1,ADDITIVE_EXPR RELATIONAL_EXPR_1,,,,,
RELATIONAL_EXPR_1,, EPSILON, EPSILON, EPSILON,, EPSILON,, EPSILON,, EPSILON,,,,,,,, EPSILON, EPSILON, EPSILON, EPSILON,< ADDITIVE_EXPR RELATIONAL_EXPR_1,<= ADDITIVE_EXPR RELATIONAL_EXPR_1,> ADDITIVE_EXPR RELATIONAL_EXPR_1,>= ADDITIVE_EXPR RELATIONAL_EXPR_1,,,,,,,,,,,,,,
ADDITIVE_EXPR,MULTIPLICATIVE_EXPR ADDITIVE_EXPR_1,,,,,,MULTIPLICATIVE_EXPR ADDITIVE_EXPR_1,,,,,,,,,,,,,,,,,,,,,,,,MULTIPLICATIVE_EXPR ADDITIVE_EXPR_1,MULTIPLICATIVE_EXPR ADDITIVE_EXPR_1,MULTIPLICATIVE_EXPR ADDITIVE_EXPR_1,MULTIPLICATIVE_EXPR ADDITIVE_EXPR_1,,,,,
ADDITIVE_EXPR_1,, EPSILON, EPSILON, EPSILON,, EPSILON,, EPSILON,, EPSILON,,,,,,,, EPSILON, EPSILON, EPSILON, EPSILON, EPSILON, EPSILON, EPSILON, EPSILON,- MULTIPLICATIVE_EXPR ADDITIVE_EXPR_1,+ MULTIPLICATIVE_EXPR ADDITIVE_EXPR_2,,,,,,,,,,,,
MULTIPLICATIVE_EXPR,UNARY_EXPR MULTIPLICATIVE_EXPR_1,,,,,,UNARY_EXPR MULTIPLICATIVE_EXPR_1,,,,,,,,,,,,,,,,,,,,,,,,UNARY_EXPR MULTIPLICATIVE_EXPR_1,UNARY_EXPR MULTIPLICATIVE_EXPR_1,UNARY_EXPR MULTIPLICATIVE_EXPR_1,UNARY_EXPR MULTIPLICATIVE_EXPR_1,,,,,
MULTIPLICATIVE_EXPR_1,, EPSILON, EPSILON, EPSILON,, EPSILON,, EPSILON,, EPSILON,,,,,,,, EPSILON, EPSILON, EPSILON, EPSILON, EPSILON, EPSILON, EPSILON, EPSILON, EPSILON, EPSILON,* UNARY_EXPR MULTIPLICATIVE_EXPR_1,/ UNARY_EXPR MULTIPLICATIVE_EXPR_1,,,,,,,,,,
UNARY_EXPR,PRIMARY_EXPR UNARY_EXPR_1,,,,,,PRIMARY_EXPR UNARY_EXPR_1,,,,,,,,,,,,,,,,,,,,,,,,PRIMARY_EXPR UNARY_EXPR_1,PRIMARY_EXPR UNARY_EXPR_1,PRIMARY_EXPR UNARY_EXPR_1,PRIMARY_EXPR UNARY_EXPR_1,,,,,
UNARY_EXPR_1,, EPSILON, EPSILON, EPSILON,, EPSILON,, EPSILON,, EPSILON,,,,,,,, EPSILON, EPSILON, EPSILON, EPSILON, EPSILON, EPSILON, EPSILON, EPSILON, EPSILON, EPSILON, EPSILON, EPSILON,! UNARY_EXPR_1,,,,,,,,,
PRIMARY_EXPR,( EXPR ),,,,,,int_literal,,,,,,,,,,,,,,,,,,,,,,,,float_literal,bool_literal,string_literal,IDENTIFIER PRIMARY_EXPR_1,,,,,
PRIMARY_EXPR_1,ARG_LIST, EPSILON, EPSILON, EPSILON,[ EXPR ], EPSILON,, EPSILON,, EPSILON,,,,,,,, EPSILON, EPSILON, EPSILON, EPSILON, EPSILON, EPSILON, EPSILON, EPSILON, EPSILON, EPSILON, EPSILON, EPSILON, EPSILON,,,,,,,,,
ARG_LIST,( ARG_LIST_1 ),,,,,,,,,,,,,,,,,,,,,,,,,,,,,,,,,,,,,,
ARG_LIST_1,ARG ARG_LIST_LOOP, EPSILON,,,,,ARG ARG_LIST_LOOP,,,,,,,,,,,,,,,,,,,,,,,,ARG_LIST_LOOP,ARG_LIST_LOOP,ARG_LIST_LOOP,ARG_LIST_LOOP,,,,,
ARG_LIST_LOOP,, EPSILON,", ARG ARG_LIST_LOOP",,,,,,,,,,,,,,,,,,,,,,,,,,,,,,,,,,,,
ARG,EXPR,,,,,,EXPR,,,,,,,,,,,,,,,,,,,,,,,,,,,,,,,,
IDENTIFIER,,,,,,,,,,,,,,,,,,,,,,,,,,,,,,,,,,id,,,,,
TYPE,,,,,,,,,,,,,,,,,,,,,,,,,,,,,,,,,,,void,boolean,int,float,